<?xml version="1.0" encoding="utf-8"?>
<manifest xmlns="http://www.012wz.com" versionCode="0.6">
	<application setting="false">
		<name><![CDATA[一秒广告]]></name>
		<identifie><![CDATA[weisrc_quickad]]></identifie>
		<version><![CDATA[1.5.7]]></version>
		<type><![CDATA[business]]></type>
		<ability><![CDATA[借力打力，病毒营销]]></ability>
		<description><![CDATA[借力打力，病毒营销]]></description>
		<author><![CDATA[微赞]]></author>
		<url><![CDATA[http://www.012wz.com]]></url>
	</application>
	<platform>
		<subscribes>
		</subscribes>
		<handles>
			<message type="text" />
		</handles>
		<rule embed="false" />
		<card embed="false" />
		<supports>
		</supports>
	</platform>
	<bindings>
		<cover>
			<entry title="首页入口" do="index" state="" direct="false" />
		</cover>
		<menu>
			<entry title="交易记录" do="order" state="" direct="false" />
			<entry title="使用教程" do="help" state="" direct="false" />
			<entry title="样式设置" do="style" state="" direct="false" />
			<entry title="广告设置" do="ad" state="" direct="false" />
			<entry title="系统设置" do="setting" state="" direct="false" />
			<entry title="用户管理" do="fans" state="" direct="false" />
		</menu>
		<home>
			<entry title="首页入口" do="index" state="" direct="false" />
		</home>
	</bindings>
	<install><![CDATA[CREATE TABLE IF NOT EXISTS `ims_weisrc_quickad_ad` (
  `id` int(10) unsigned NOT NULL AUTO_INCREMENT,
  `uniacid` int(10) unsigned NOT NULL,
  `title` varchar(100) NOT NULL DEFAULT '',
  `url` varchar(200) NOT NULL DEFAULT '',
  `thumb` varchar(500) NOT NULL DEFAULT '',
  `position` tinyint(1) NOT NULL DEFAULT '1' COMMENT '1:首页,2:商家页',
  `starttime` int(10) NOT NULL DEFAULT '0' COMMENT '开始时间',
  `endtime` int(10) NOT NULL DEFAULT '0' COMMENT '结束时间',
  `displayorder` int(10) unsigned NOT NULL DEFAULT '0',
  `status` tinyint(1) NOT NULL DEFAULT '1' COMMENT '是否显示',
  `dateline` int(10) unsigned NOT NULL,
  PRIMARY KEY (`id`)
) ENGINE=MyISAM DEFAULT CHARSET=utf8;
CREATE TABLE IF NOT EXISTS `ims_weisrc_quickad_article` (
  `id` int(10) unsigned NOT NULL AUTO_INCREMENT,
  `fansid` int(10) unsigned NOT NULL,
  `from_user` varchar(50) DEFAULT '' COMMENT '用户ID',
  `uniacid` int(10) unsigned NOT NULL,
  `title` varchar(100) NOT NULL DEFAULT '',
  `url` varchar(2000) NOT NULL DEFAULT '',
  `sharecount` int(10) unsigned NOT NULL DEFAULT '0' COMMENT '分享',
  `readcount` int(10) unsigned NOT NULL DEFAULT '0' COMMENT '阅读',
  `recommend` tinyint(1) unsigned NOT NULL DEFAULT '0' COMMENT '是否推荐',
  `default_read` int(10) unsigned NOT NULL DEFAULT '0' COMMENT '阅读数量',
  `default_praise` int(10) unsigned NOT NULL DEFAULT '0' COMMENT '赞数量',
  `status` tinyint(1) unsigned NOT NULL DEFAULT '1',
  `displayorder` int(10) unsigned NOT NULL DEFAULT '0',
  `dateline` int(10) unsigned NOT NULL,
  PRIMARY KEY (`id`)
) ENGINE=MyISAM DEFAULT CHARSET=utf8;
CREATE TABLE IF NOT EXISTS `ims_weisrc_quickad_fans` (
  `id` int(11) NOT NULL AUTO_INCREMENT,
  `uniacid` int(11) DEFAULT '0',
  `from_user` varchar(50) DEFAULT '' COMMENT '用户ID',
  `nickname` varchar(50) DEFAULT '',
  `headimgurl` varchar(500) DEFAULT '',
  `username` varchar(50) DEFAULT '',
  `mobile` varchar(50) DEFAULT '',
  `address` varchar(200) DEFAULT '',
  `sex` tinyint(1) unsigned NOT NULL DEFAULT '1' COMMENT '性别',
  `country` varchar(50) DEFAULT '',
  `province` varchar(50) DEFAULT '',
  `city` varchar(50) DEFAULT '',
  `lat` decimal(18,10) NOT NULL DEFAULT '0.0000000000' COMMENT '经度',
  `lng` decimal(18,10) NOT NULL DEFAULT '0.0000000000' COMMENT '纬度',
  `qrcode` varchar(500) DEFAULT '',
  `ad` varchar(500) DEFAULT '',
  `title1` varchar(500) DEFAULT '',
  `title2` varchar(500) DEFAULT '',
  `ad_url` varchar(500) DEFAULT '',
  `starttime` int(10) NOT NULL DEFAULT '0' COMMENT '开始时间',
  `endtime` int(10) NOT NULL DEFAULT '0' COMMENT '结束时间',
  `is_vip` tinyint(1) DEFAULT '0',
  `status` tinyint(1) DEFAULT '1',
  `dateline` int(10) DEFAULT '0',
  `admode` tinyint(1) NOT NULL DEFAULT '1' COMMENT '广告模式',
  `lasttime` varchar(500) DEFAULT '',
  PRIMARY KEY (`id`),
  KEY `indx_rid` (`id`)
) ENGINE=MyISAM DEFAULT CHARSET=utf8;
CREATE TABLE IF NOT EXISTS `ims_weisrc_quickad_order` (
  `id` int(10) unsigned NOT NULL AUTO_INCREMENT,
  `uniacid` int(10) unsigned NOT NULL COMMENT '公众号id',
  `fansid` int(10) unsigned NOT NULL COMMENT '门店id',
  `from_user` varchar(50) NOT NULL,
  `transid` varchar(50) NOT NULL DEFAULT '0' COMMENT '微信支付单号',
  `ordersn` varchar(30) NOT NULL COMMENT '订单号',
  `totalprice` varchar(10) NOT NULL COMMENT '总金额',
  `ispay` tinyint(1) NOT NULL DEFAULT '0' COMMENT '0,1,2',
  `paytype` tinyint(1) unsigned NOT NULL DEFAULT '0' COMMENT '1余额，2微信支付，3到付',
  `username` varchar(50) NOT NULL DEFAULT '' COMMENT '用户名',
  `address` varchar(250) NOT NULL DEFAULT '' COMMENT '地址',
  `tel` varchar(50) NOT NULL DEFAULT '' COMMENT '联系电话',
  `status` tinyint(4) NOT NULL DEFAULT '0' COMMENT '-1取消状态，0普通状态，1为确认付款方式，2为成功',
  `remark` varchar(1000) NOT NULL DEFAULT '' COMMENT '备注',
  `isfinish` tinyint(1) NOT NULL DEFAULT '0',
  `dateline` int(10) unsigned NOT NULL DEFAULT '0',
  `vipcount` int(10) unsigned DEFAULT '0' COMMENT 'vip',
  `isdeleted` varchar(500) DEFAULT '',
  PRIMARY KEY (`id`)
) ENGINE=MyISAM DEFAULT CHARSET=utf8;
CREATE TABLE IF NOT EXISTS `ims_weisrc_quickad_setting` (
  `id` int(10) NOT NULL AUTO_INCREMENT,
  `uniacid` int(10) unsigned NOT NULL,
  `title` varchar(20) DEFAULT '' COMMENT '网站名称',
  `is_show_ad` tinyint(1) unsigned NOT NULL DEFAULT '1',
  `is_pay` tinyint(1) unsigned NOT NULL DEFAULT '1',
  `price` varchar(20) DEFAULT '1980',
  `help` text COMMENT '帮助教程',
  `btn_index` varchar(500) DEFAULT '一键贴广告' COMMENT '首页',
  `btn1` varchar(500) DEFAULT '',
  `btn_url1` varchar(500) DEFAULT '',
  `btn2` varchar(500) DEFAULT '',
  `btn_url2` varchar(500) DEFAULT '',
  `btn3` varchar(500) DEFAULT '',
  `btn_url3` varchar(500) DEFAULT '',
  `btn4` varchar(500) DEFAULT '',
  `btn_url4` varchar(500) DEFAULT '',
  `btn5` varchar(500) DEFAULT '',
  `btn_url5` varchar(500) DEFAULT '',
  `ad2_text` varchar(100) DEFAULT '',
  `ad2` varchar(500) DEFAULT '',
  `ad_url2` varchar(500) DEFAULT '',
  `mobile` varchar(500) DEFAULT '',
  `title1` varchar(500) DEFAULT '',
  `title2` varchar(500) DEFAULT '',
  `qrcode` varchar(500) DEFAULT '',
  `ad` varchar(500) DEFAULT '',
  `ad_url` varchar(500) DEFAULT '',
  `share_title` varchar(200) DEFAULT '',
  `share_desc` varchar(300) DEFAULT '',
  `share_image` varchar(500) DEFAULT '',
  `share_url` varchar(500) DEFAULT '',
  `copyright` varchar(1000) DEFAULT '',
  `dateline` int(10) DEFAULT '0',
  `allowweixin` tinyint(1) NOT NULL DEFAULT '0',
  `viptype` tinyint(1) NOT NULL DEFAULT '1' COMMENT 'vip类型,1:年费,2:月费',
  `paytype` tinyint(1) NOT NULL DEFAULT '1' COMMENT 'pay类型,1:微信支付,2:转账支付',
  `weixin` varchar(50) DEFAULT '' COMMENT 'pay类型',
  `read_min` int(10) NOT NULL DEFAULT '10000' COMMENT '最小阅读',
  `read_max` int(10) NOT NULL DEFAULT '30000' COMMENT '最大阅读',
  `praise_min` int(10) NOT NULL DEFAULT '100' COMMENT '最小阅读',
  `praise_max` int(10) NOT NULL DEFAULT '1000' COMMENT '最大阅读',
  `show_qrcode` tinyint(1) NOT NULL DEFAULT '1',
  `show_mobile` tinyint(1) NOT NULL DEFAULT '1',
  `taste_vip` int(10) NOT NULL DEFAULT '0',
  `price1` varchar(20) DEFAULT '100',
  `price2` varchar(20) DEFAULT '280',
  `price3` varchar(20) DEFAULT '500',
  `price4` varchar(20) DEFAULT '800',
  `is_secondary_show` tinyint(1) unsigned NOT NULL DEFAULT '1',
  `admode` tinyint(1) NOT NULL DEFAULT '1' COMMENT '广告模式',
  `is_check` tinyint(1) unsigned NOT NULL DEFAULT '0' COMMENT '是否需要审核',
  `btn_link4` varchar(500) DEFAULT '',
  `qq` varchar(255) DEFAULT '',
  `apptitle` varchar(500) DEFAULT '',
  `istplnotice` varchar(500) DEFAULT '',
  `tplneworder` varchar(500) DEFAULT '',
  `notice_openid` varchar(500) DEFAULT '',
  `wechat` varchar(500) DEFAULT '',
  `alipay` varchar(500) DEFAULT '',
  `credit` varchar(500) DEFAULT '',
  `delivery` varchar(500) DEFAULT '',
  `weixin_qrcode` varchar(500) DEFAULT '',
  PRIMARY KEY (`id`)
) ENGINE=MyISAM DEFAULT CHARSET=utf8;
CREATE TABLE IF NOT EXISTS `ims_weisrc_quickad_sn` (
  `id` int(11) NOT NULL AUTO_INCREMENT,
  `uniacid` int(11) DEFAULT '0',
  `sncode` varchar(100) DEFAULT '',
  `fansid` int(11) DEFAULT '0',
  `from_user` varchar(100) DEFAULT '' COMMENT '微信ID',
  `status` tinyint(1) DEFAULT '0',
  `dateline` int(10) DEFAULT '0',
  PRIMARY KEY (`id`),
  KEY `indx_id` (`id`)
) ENGINE=MyISAM DEFAULT CHARSET=utf8;
]]></install>
	<uninstall><![CDATA[DROP TABLE IF EXISTS `ims_weisrc_quickad_ad`;
DROP TABLE IF EXISTS `ims_weisrc_quickad_article`;
DROP TABLE IF EXISTS `ims_weisrc_quickad_fans`;
DROP TABLE IF EXISTS `ims_weisrc_quickad_order`;
DROP TABLE IF EXISTS `ims_weisrc_quickad_setting`;
DROP TABLE IF EXISTS `ims_weisrc_quickad_sn`;
]]></uninstall>
	<upgrade><![CDATA[upgrade.php]]></upgrade>
</manifest>